First Name,Surname,Email
Mario,Lougi,marioandlougi@nintendo.com
Donkey,Kong,donkeykong@nintendo.com
Master,Chief,masterchief@halo.com
Max,Payne,maxpayne@rockstar.com
Trevor,Phillips,trevorphillips@gta.com